pk-1,QmZDJMYNQuuBB9fCyq31CFgx8uYZKyDXEawJP8gNUZLWkb
pk-2,QmbGWnSTk9xpKZ6fjEkZjLaMVfWW369RcE8e1r8oyo5Crr
pk-3,QmPbARE9YmKWkEMmrXuQ1ExjE2G9BrDEhmkX4rA38R7xDz
pk-4,QmVU2EvtvHuo8JmcXayQkDr8UhPec1dWSirsWHodEdDnc9
pk-5,QmV89AU415AGS6ims6Je75A8p7iCb8qRkXB52djZ6FFY32
pk-6,QmSX2cRHhRrTMWhFgu5HTNsAWTjc8yEgAu9xUwgxzk8rnG
pk-7,QmVjixascYYkaUWNu1JV461zZDQ4Dkai9KXBQjc3Uk58YP
pk-8,QmVzpiAb4WAB9GmQmxEZfm4GVm536RzmRX6BTCA4DAYabf
pk-9,QmZE7MabTWgt5DtZhyh1fykJoxnrryehYCoqVYk4P4UoXH
pk-10,QmdQfSYmDHDGyKmaNhcijaimU67QDPeZ4aBu6SVh1hDv5i
pk-11,QmcxMFGhWkQzn1v6qKx9GnMjtiPs93WLSbeAZ9tPQFiVxQ
pk-12,QmNU7s1XTMc78J9zLxSwMxX9GKY2vjtMi35tvFJNWxWJXu
pk-13,QmZ1Dutmy3akkNPjnkUwstSUV8LLiFUMfmZ7C7sXWaMkBp
pk-14,QmeJ793MdG67kVakcRi5u5iWwcRDxdWDMHeC9q91tgLRoW
pk-15,QmWXpgyvfvNAK5DXAejewSf6eDbf1MGvur5UwGHCnnx7u8
pk-16,QmP5RQCFAnM5tw9uwZDTUP3Li6qoEcAGW1Gb8ka27H6ZuK
pk-17,QmbCcMsUB7GEdwU81cZuVEtvbvQiGpHag8TiaiViAN62p6
pk-18,QmVn31nnFzeyURxo4qXjg7iqoJLqAvzrPMPcmofor1X1Go
pk-19,QmVw84Sc6oQsP5YExMFL6kpEEd3pt5DEzgPowZkvjGuzjX
pk-20,QmVNHhoq7iK5WLUXyXxjyw8ViLm3Y6i73v8RCLpY3eLFJR
pk-21,QmY9rQuWf4wExZWeBggjDvHv5QLFnSnyGBL8R5htMZaJE7
pk-22,QmT3crTDN2ioedKo3pcVJJsroVMvMCYrdeFwpqfTNDxVkD
pk-23,QmUSuHj9xq77Z1DLEHKxWEFpQQL9eSbBfyE65HvEga2BtB
pk-24,QmVa5XW8BhjaH3F2hBdFkZxDuimJTMN1UKnmqU9RWNNVFA
pk-25,QmVyP2LRnCMWSWRURXKnAhSZKMYhdEPpZ82hrx6d4Mbgjc
pk-26,QmY3m5Fmwzo4T6ELoV2k9Zi82bsVNJN5mWv4nVcoFXS2D8
pk-27,QmXasXVUXtCkZnUQqcnzQJtp65hHcxsbYPTzYv3phoh7x9
pk-28,QmQsCsvEZ4TriZvLcEKHaERcBY7Trkj75SSnpZfpZCCR6a
pk-29,QmYX9Y5XXAZCExydymsfBFYGha8Lk3e2q2pWLN3UuBgN39
pk-30,QmPnAGE3MSyyGU4GSGJdNhExBjVW3yGf6JLb79u4CGo71j
pk-31,QmZsERSSnRpMvPhyvihQ9WiibZmCJJTJk7qxG3tYUXjEs1
pk-32,QmZejhXnvb7uu6QhroPqm6Ddp1CWL9N6W3Y1tU7NV1TPLU
pk-33,QmdmYHxXZoLY9CvPf1zP3aRZkgeSM8oRs6jSts3Lbihn6t
pk-34,QmTzTAMdARRMsmQSLZZ3SNuY9fD7BiCqaP1hpzuRLQUfRq
pk-35,QmVk22yhY1zvfyPAFFKvJvzHTijXpDR4PGeDu7icy61LsE
pk-36,QmZgPTTGcN5cHgFjeVvvkj8Dxw5Tqscu3LkXSLcrU8kUWP
pk-37,QmWeGoK4FiWttxjKByR6B4s58oMQUbp1hNS6Nm9dVF3sht
pk-38,QmW1wpFojdAgZJRtoTq536t2kQZz1fo4nS3targdxddn3M
pk-39,QmYQLBPMBtgwCfSeHTAC3G6fFAZhHh5DJ1qDTiq7x5aWYw
pk-40,QmfRexK94Cg6g97A1quVKKNsFqrQmT5jtVvCGDx6kVszgg
pk-41,QmUrhWAWZcdiKVBnKzyidZdEXW61z2ZzqQNkdssnv4TdwJ
pk-42,QmUTdELydrF77ya1Ba1HeSwKKutqD34UFSGbUgASD2TfSg
pk-43,QmYuZ4gaLWstCq8sHcVrppXv3KW2wQdcAepwgtZ9Xhwm31
pk-44,QmUMHUcQjJHcuq5Mc9VBZ4VEnuQbR3U2Zdf8GZGEpmJqF5
pk-45,QmSXnVLNDhnuFWXNj14GUYavdaXVRSCekpJx35PHYpxNHr
pk-46,QmeoyzQaECpvho9mctti6iPyseWJj9wFczX2zL8EqZThiy
pk-47,QmWM6P4G91fbDrTLktqNVqzCCWvqTp8HejiztvPDApsFi7
pk-48,QmZP78BoxpDbx5pkdkmENY3SNYH4dRiAWd2Li4LkouDE8L
pk-49,QmRfbW6cRbWfsAJrZay4sEBuZzLrzAFRKKTkUsyev5tYq6
pk-50,Qme3GoSxfCJMuEpQCp5VrFzPaip65LzEd59ir8brx4YQJ2
pk-51,QmZoikEoGq2Mp5N8S7qtRx6eKXFU2HgdVigEi6sZ6ZyJKn
pk-52,QmQq5ayiDLREvAVQQ1eTrvaukg7A1zJJtcJgWwjKN63Fxv
pk-53,QmRVV5DDVDFrdFLSvqD7PqPPQGqQTcan1Fbg4XLXBbePcW
pk-54,QmW1jYwGnkFvCYW8UwKrF3tdYmrwWa7Ye71ijg6WfbmUu6
pk-55,QmWy9jnZALkM7TpaEo9ocY4RJgjDNkgCoe7pPRgKcvywve
pk-56,QmXw6bbuvRaZn2euqLmEYat41uX6nFDP6PaL9VFc2iR3og
pk-57,QmcKKqTfwBCbUDbnaK9r1X2ESToLcdeuGjQF4k39Krt6Z2
pk-58,QmU8SwzqzqojTf6W4hbzTX2fZZN2ZjKjLxsgK9ocHuixmi
pk-59,Qma1HXq6nTqLGpNXtkmboUtzRqikn86Nsx2Kc8LKCf9giT
pk-60,QmRjGfhoyqez7jGQuki3Xy8bhZ4E1tS6jmBeLMMn6xNXXG
pk-61,QmZxNXjJZK4WH13XaxdY8kokDHZjuEHjAZuNkWBqo8iVc3
pk-62,QmdCqvvERcr9ePZmHva9aFqjHfsA5uVDoDPDxuofkem93Y
pk-63,QmQ7jWwioJoC1VoUkqjcVZThWYyYMFicmFHgPkrWgKkxtF
pk-64,Qmc4o5fdE85xAU4ks29GGzAthKwrhFBK5Rdpzt3cbUG7og
pk-65,QmTzzqqx7KF4KRtDH5fZUTG1UhVeUmHx45M6vV9hyXbGRx
pk-66,QmQTTPDag62th82DcjZMyUicDBgvtugLhtDUHj87HCCiPR
pk-67,QmNWXc4FZeLfNrN2bq1S2z69qoThzwDuVyDgTitLDMCDD7
pk-68,Qmc4JWgyBRxGDDvVq1ssrgag7NWVadiryS2z9V8GWVqWah
pk-69,QmVET3YaUBtWfFznVRZQAK9j3bz1pNRh6NdaRWMCinxC6d
pk-70,QmcLveJoEiyHg8uxdxL4Hmo11i64GCU5o3FwmT8YKrogMQ
pk-71,QmSAgKWU9YiSmbC6NYUNHbKSVkvouygHbfN6wP28Qf6mJJ
pk-72,QmTNv7UnuSVU6Upna4yG6X7j6Wx2f9EYN9GLsQb6uQcsuq
pk-73,QmVRRMFFwvAh6TDCa5CGSW2pnUDiSSSwMx9n4sbn1bvx4L
pk-74,QmPXcKJzPzfhQLDKWbLbTKMuKVshTLD8HYb1Q6e6mz1wfg
pk-75,QmV3L3SwYihX1cZFVmHjbbFPac5MVSUGNkadqxaumgpwxG
pk-76,QmUiEMcBNTHXTYW6ni7PviM4DoDHmaKt5XF6jrMQQ8qPyh
pk-77,QmPZZSuQ619yimJTr3orXb1fXucj1hURiqnAeqZ6DehRSb
pk-78,QmYgHxY1GwunveWbmRRBhZC1AQFycAeTDeh9uLZfwu3dQb
pk-79,QmXKRi2uAb8dHGpnqDUqdyGkCrNEYAJqZyZu3HNdqq4DRm
pk-80,QmYvo65wt3e4fqqLRcriazXR1cybD4GKTeTHArX6KjwLpR
pk-81,QmV7a7g55NZcLXyG8EtwWgCojUdDrSYkSD1VWDqWamJXih
pk-82,QmZht5Y7hPQNzt39DAoTpL97qTACBUqS4Pn7UBTjLG6HJK
pk-83,QmT79ATSyv27YmzDRPkMgf8wYFUMaqv3ZRkXTdkPUuNXFr
pk-84,QmcrdCMbuaV1pt7UwMqgAjAssuFx7ggXMc3GSdtaCMxj9t
pk-85,QmNvJBjrsFZv9d1xvaz67GUQwBws7bYXVwom5aaJs7ZrRg
pk-86,QmVQodzTiR84V4QUNuXiJXVFDSUQyBKmct7bpfdeZgigCa
pk-87,QmSTh5qpxNuE16HrdpbZfoZskuNL9Q66C4QUcWHUgqJ8zD
pk-88,QmNPnUiumphpPAfZsnwSiXBAsnqDf1tQh8fuEBYq6rDBYQ
pk-89,QmVzCWPdZpKu2Dmfnig4rze7Fxjpks4TdMrsjDrJfBUgps
pk-90,QmYsNeajvTcQaPUZ2vz1Zdrz6E1ceoLKsmVBWz1boj6SE7
pk-91,QmcQHncXf4ZLXnmSEHGnUiZGARgokh1kn7XAq2uxRtFY6A
pk-92,QmTws5CKEGx6jt2vFCTKdFwHG36u2kXTmXm9ShLNYUMuoz
pk-93,QmQ8XsoNTpZej2cu9JG8Pm7J85SzX11hVQ96YpNEFQ5hGA
pk-94,QmcuQP3jbKoHWnZBvTXyprFdStFFFHwcsUxTKhtY97nEJ1
pk-95,QmSRDcytk7yVqP2s9HmHeBZNfaWPmYJtzd213maVLntGQf
pk-96,QmRzuBAyzZRAgvn2V4r81i2Jc9H1UahUn2PX7jn45x6zKZ
pk-97,QmSdeZ3tUhGRSMtjWYNAP58gzNUXNC7ejXpk17DkKwgpGh
pk-98,QmNinoe8ciELtFQxYvz5Yr9Y7XtAEhHpo3KyNFbstbh8Ky
pk-99,QmZn9VKrYaNtnCp51r4sZD8ZdrEzfapppmbLSfqQCz6NaG
pk-100,QmY7bhFcq7mWedXcrQKD9bp4aTvVUh2Doz6WVLQ4DEfKPj
